,close,high,low,p_change,open,pre_close,volume,date,date_week,key,atr21,atr14
2014-07-23,222.49,224.75,219.43,1.33,220.01,219.58,3088731,20140723,2,0,8.97753917347675,8.459104352269227
2014-07-24,223.54,225.1,220.8,0.47,223.25,222.49,3248410,20140724,3,1,8.812894450930237,8.249168327107139
2014-07-25,223.57,226.97,221.75,0.01,222.72,223.54,3090383,20140725,4,2,8.641804238981178,8.032799160885201
2014-07-28,224.82,232.0,221.4,0.56,224.25,223.57,6517611,20140728,0,3,8.735051656172551,8.216170649393401
2014-07-29,225.01,228.3,224.86,0.08,226.61,224.82,3387187,20140729,1,4,8.544334910640526,7.967158460151018
2014-07-30,228.92,229.6,221.04,1.74,221.92,225.01,4927823,20140730,2,5,8.545080867276692,8.009504284425946
2014-07-31,223.3,231.4,221.5,-2.45,229.26,228.92,7749058,20140731,3,6,8.609600825977802,8.144539692681237
2014-08-01,233.27,237.5,226.0,4.46,226.09,223.3,11898130,20140801,4,7,8.747238881883622,8.384215428918292
2014-08-04,238.52,240.5,233.27,2.25,234.38,233.27,5967406,20140804,0,8,9.14975131607964,9.0139143268527
2014-08-05,238.49,242.99,235.69,-0.01,237.47,238.52,5388581,20140805,1,9,9.17690601531394,9.064349017791793
2014-08-06,248.93,251.42,238.58,4.38,238.9,238.49,9249265,20140806,2,10,9.354196205060894,9.33832408794952
2014-08-07,252.39,256.688,249.12,1.39,250.12,248.93,7478926,20140807,3,11,9.775329719105613,9.97115808166741
2014-08-08,248.13,251.76,246.5,-1.69,251.16,252.39,5099061,20140808,4,12,9.560314018195822,9.634646790119737
2014-08-11,259.32,263.74,255.0,4.51,255.48,248.13,8101276,20140811,0,13,9.645537160186498,9.7571720193969
2014-08-12,259.96,260.3,254.58,0.25,258.08,259.32,6390412,20140812,1,14,9.765749676368094,9.929516875154267
2014-08-13,260.31,265.64,259.61,0.13,262.01,259.96,6932628,20140813,2,15,9.601666358445804,9.671694241214675
2014-08-14,261.38,263.0,258.54,0.41,262.49,260.31,4126633,20140814,3,16,9.356825103281718,9.2994303668422
2014-08-15,262.01,262.09,258.5,0.24,261.48,261.38,3867874,20140815,4,17,9.082214384077824,8.891613912067756
2014-08-18,259.94,267.26,259.75,-0.79,263.25,262.01,5849231,20140818,0,18,9.007347032455069,8.792927204062918
2014-08-19,256.76,259.33,251.62,-1.22,258.87,259.94,5340136,20140819,1,19,9.073187649957207,8.907003832344136
2014-08-20,255.71,258.74,253.0,-0.41,254.67,256.76,3027863,20140820,2,20,8.971607285673533,8.766503558605269
2014-08-21,254.34,258.8,253.26,-0.54,256.52,255.71,2919241,20140821,3,21,8.808197414927172,8.536039018704894
2014-08-22,256.78,256.95,252.61,0.96,254.54,254.34,2836959,20140822,4,22,8.595426109454449,8.236321945940258
2014-08-25,262.55,263.68,258.19,2.25,258.19,256.78,4318053,20140825,0,23,8.630882009004237,8.315156092658812
2014-08-26,261.74,265.5,261.66,-0.31,264.98,262.55,3822572,20140826,1,24,8.63512572286118,8.344073514611756
2014-08-27,263.25,264.24,260.29,0.58,263.5,261.74,2990532,20140827,2,25,8.412024497963026,8.030211120710915
2014-08-28,263.86,264.48,261.64,0.23,261.89,263.25,2854737,20140828,3,26,8.146689998060026,7.659481754945851
2014-08-29,269.7,272.0,267.51,2.21,268.7,263.86,6453958,20140829,4,27,8.175419045771454,7.737375915306862
2014-09-02,284.12,284.89,274.3,5.35,275.5,269.7,9852351,20140902,1,28,8.787541948353764,8.686849064213513
2014-09-03,281.19,288.0,280.1,-1.03,287.67,284.12,6779735,20140903,2,29,9.240516141289302,9.373502702483977
2014-09-04,286.04,291.42,280.4,1.72,284.01,281.19,8341749,20140904,3,30,9.325253467894573,9.491109652306553
2014-09-05,277.39,282.9,272.51,-3.02,282.55,286.04,11176170,20140905,4,31,9.375955683709117,9.555316105713226
2014-09-08,282.11,284.88,277.52,1.7,277.62,277.39,5505040,20140908,0,32,9.335195889246778,9.481364955305144
2014-09-09,278.48,285.49,277.0,-1.29,282.99,282.11,4567958,20140909,1,33,9.294948465949313,9.410553172783347
2014-09-10,281.1,281.41,273.66,0.94,279.5,278.48,3785988,20140910,2,34,9.25471282471363,9.341942231870249
2014-09-11,280.31,284.79,278.63,-0.28,280.46,281.1,3768584,20140911,3,35,9.11448840448917,9.125374929593805
2014-09-12,279.2,282.39,277.0,-0.4,280.5,280.31,3328302,20140912,4,36,8.93713181379921,8.858562434622819
2014-09-15,253.86,274.4,249.13,-9.08,274.37,279.2,16464949,20140915,0,37,9.996316013142104,10.452950832149762
2014-09-16,260.74,262.46,252.42,2.71,255.15,253.86,8303971,20140916,1,38,10.79553906013534,11.619168629853348
2014-09-17,261.38,264.7,259.5,0.25,262.41,260.74,5179923,20140917,2,39,10.79765624774794,11.563513727720965
2014-09-18,263.82,265.6,262.32,0.93,263.36,261.38,3699314,20140918,3,40,10.514910712140896,11.084691318598036
2014-09-19,259.32,261.43,255.27,-1.71,257.99,263.82,6811714,20140919,4,41,10.307534011562758,10.732927652983893
2014-09-22,250.03,256.02,244.71,-3.58,255.0,259.32,8222963,20140922,0,42,10.726699058631198,11.331289963485037
2014-09-23,250.41,253.8,245.0,0.15,245.22,250.03,5660048,20140923,1,43,10.897808627267807,11.544769251807535
2014-09-24,252.14,252.84,247.04,0.69,251.12,250.41,3754376,20140924,2,44,10.655055835493151,11.134428590964141
2014-09-25,246.95,254.96,246.1,-2.06,252.52,252.14,4843712,20140925,3,45,10.569576986183954,10.971969405895274
2014-09-26,246.6,249.73,246.07,-0.14,248.25,246.95,3798841,20140926,4,46,10.355311415413286,10.621828734045609
2014-09-29,245.26,248.64,241.38,-0.54,244.0,246.6,4854687,20140929,0,47,10.20791563372694,10.38169811018521
2014-09-30,242.68,247.65,240.125,-1.05,246.92,245.26,4248127,20140930,1,48,10.080157746406613,10.177648245171982
2014-10-01,240.24,242.66,235.65,-1.01,242.2,242.68,5946510,20141001,2,49,10.057769282292009,10.137101941945412
2014-10-02,251.42,252.79,245.36,4.65,250.2,240.24,9002001,20141002,3,50,10.060256459325725,10.13516608894931
2014-10-03,255.21,256.5,251.03,1.51,253.06,251.42,5408665,20141003,4,51,10.355482342214977,10.572654225452933
2014-10-06,260.62,262.49,257.8,2.12,259.13,255.21,7719055,20141006,0,52,10.389506992585694,10.608178923634867
2014-10-07,259.57,261.46,255.73,-0.4,258.53,260.62,4491569,20141007,1,53,10.192387611986373,10.296880429089516
2014-10-08,259.28,262.88,252.64,-0.11,260.1,259.57,5062615,20141008,2,54,10.194654868558453,10.292817541297408
2014-10-09,257.01,265.54,254.4,-0.88,262.25,259.28,7361316,20141009,3,55,10.239671303389002,10.353330574061882
2014-10-10,236.91,245.89,235.2,-7.82,244.64,257.01,12898280,20141010,4,56,10.898734574656194,11.33380696162889
2014-10-13,224.59,238.96,221.0,-5.2,238.57,236.91,11276550,20141013,0,57,12.094509118720186,13.096392178655396
2014-10-14,227.06,232.47,223.0,1.1,228.25,224.59,7112339,20141014,1,58,12.180961065447793,13.154507023037151
2014-10-15,229.7,230.99,217.32,1.16,220.0,227.06,9151648,20141015,2,59,12.251867681378851,13.191327949963071
2014-10-16,226.35,229.92,219.1,-1.46,219.72,229.7,5404565,20141016,3,60,12.183683506075097,13.021947382108564
2014-10-17,227.48,234.77,226.55,0.5,233.38,226.35,10551850,20141017,4,61,11.994936672452473,12.678951140529382
2014-10-20,230.47,232.4,225.51,1.31,226.72,227.48,3499686,20141020,0,62,11.751844449954733,12.265454630491572
2014-10-21,235.34,235.39,230.8,2.11,234.27,230.47,4130345,20141021,1,63,11.568899476147369,11.9543507283136
2014-10-22,231.1,237.39,230.56,-1.8,233.19,235.34,4123397,20141022,2,64,11.34752331061654,11.594754247719774
2014-10-23,235.29,236.28,232.0,1.81,234.655,231.1,3499882,20141023,3,65,11.010974581539562,11.072271801454077
2014-10-24,235.24,237.8,231.2,-0.02,236.27,235.29,3466927,20141024,4,66,10.805690077656728,10.759966672778788
2014-10-27,221.67,234.61,220.31,-5.77,234.25,235.24,9553348,20141027,0,67,11.004466740625459,11.061397624723158
2014-10-28,242.77,244.6,228.25,9.52,229.6,221.67,10516300,20141028,1,68,11.259015943452814,11.439154937242932
2014-10-29,238.1,241.5,235.64,-1.92,241.13,242.77,4967640,20141029,2,69,11.667158041383633,12.038501013154152
2014-10-30,238.66,240.5,235.06,0.24,238.14,238.1,3228371,20141030,3,70,11.478721944174886,11.729322369357428
2014-10-31,241.7,243.12,238.75,1.27,242.51,238.66,3775327,20141031,4,71,11.171163756357037,11.250085057260465
2014-11-03,242.59,247.56,241.32,0.37,243.0,241.7,4207268,20141103,0,72,11.063013101292414,11.08222183888472
2014-11-04,238.93,242.35,236.53,-1.51,240.49,242.59,3682572,20141104,1,73,10.813345810754681,10.706348850392953
2014-11-05,230.97,241.36,230.53,-3.33,241.0,238.93,9045925,20141105,2,74,10.872710295956841,10.80303821822203
2014-11-06,241.22,246.69,228.5,4.44,234.49,230.97,15354720,20141106,3,75,11.221152662816039,11.330678345491883
2014-11-07,240.2,242.84,237.2,-0.42,242.19,241.22,5161023,20141107,4,76,11.252050155062893,11.369201320813895
2014-11-10,241.93,242.88,236.8,0.72,239.11,240.2,4577208,20141110,0,77,11.005762052440849,10.991401226470044
2014-11-11,251.08,251.82,242.0,3.78,242.55,241.93,7952565,20141111,1,78,11.035011478515095,11.036301138865044
2014-11-12,249.1,252.34,245.58,-0.79,249.72,251.08,5870818,20141112,2,79,11.005249027157236,10.991565343231823
2014-11-13,251.7,255.75,250.25,1.04,250.62,249.1,6236036,20141113,3,80,10.74309431157832,10.599310675858124
2014-11-14,258.68,258.85,248.5,2.77,250.0,251.7,6101145,20141114,4,81,10.724375534836494,10.581502770439686
2014-11-17,253.98,259.0,252.02,-1.82,257.49,258.68,4025695,20141117,0,82,10.561310033177612,10.347109715408278
2014-11-18,257.7,259.99,255.51,1.46,255.86,253.98,4474294,20141118,1,83,10.271723841121538,9.928030450021977
2014-11-19,247.74,251.88,245.6,-3.87,250.61,257.7,7918486,20141119,2,84,10.181641753449084,9.817456846448977
2014-11-20,248.71,250.93,246.0,0.39,247.95,247.74,3587220,20141120,3,85,10.253944527094367,9.951924214559766
2014-11-21,242.78,252.78,242.17,-2.38,252.21,248.71,7485059,20141121,4,86,10.270899549613683,9.998929627805497
2014-11-24,246.72,247.6,240.64,1.62,245.2,242.78,4789708,20141124,0,87,10.166094809155892,9.861148940105107
2014-11-25,248.09,249.72,246.09,0.56,247.35,246.72,3159804,20141125,1,88,10.012471246815137,9.652495444383314
2014-11-26,248.44,249.0,246.6,0.14,248.34,248.09,1981819,20141126,2,89,9.649972616014416,9.134460055498794
2014-11-28,244.52,246.69,242.52,-1.58,245.35,248.44,2119688,20141128,4,90,9.455688205728013,8.879855765820306
2014-12-01,231.64,242.47,229.01,-5.27,241.16,244.52,8619351,20141201,0,91,9.93065543402668,9.63343749683314
2014-12-02,231.43,234.88,228.0,-0.09,234.57,231.64,5887046,20141202,1,92,10.244433746692078,10.125334818487918
2014-12-03,229.3,229.72,225.5,-0.92,226.25,231.43,5307733,20141203,2,93,10.048984520659122,9.840668045738779
2014-12-04,228.28,230.9,227.81,-0.44,228.6,229.3,3879208,20141204,3,94,9.742842400627735,9.396334613900297
2014-12-05,223.71,229.389,222.26,-2.0,228.67,228.28,6063619,20141205,4,95,9.61837371488356,9.234382141478847
2014-12-08,214.36,224.86,212.34,-4.18,221.54,223.71,9225619,20141208,0,96,9.91940353798434,9.713354845658928
2014-12-09,216.89,217.729,204.27,1.18,209.34,214.36,9431502,20141209,1,97,10.372765274270805,10.408115213826148
2014-12-10,209.84,216.77,207.7,-3.25,214.13,216.89,7314139,20141210,2,98,10.310728832638864,10.312535555695712
2014-12-11,208.88,215.43,208.23,-0.46,210.53,209.84,6694398,20141211,3,99,10.232122697751297,10.194497301717448
2014-12-12,207.0,211.68,204.5,-0.9,204.82,208.88,7173782,20141212,4,100,10.086783521667902,9.979176065880486
2014-12-15,204.04,209.8,202.67,-1.43,209.29,207.0,5218252,20141215,0,101,9.945984306350383,9.775663489746167
2014-12-16,197.81,203.68,195.37,-3.05,200.89,204.04,8426105,20141216,1,102,10.026175529857507,9.90811609762144
2014-12-17,205.82,206.65,192.65,4.05,193.06,197.81,7367834,20141217,2,103,10.215405266530961,10.20039351921991
2014-12-18,218.26,218.44,211.8,6.04,212.38,205.82,7483349,20141218,3,104,10.711338349077103,10.945365410704202
2014-12-19,219.29,220.4,214.5,0.47,220.19,218.26,6910461,20141219,4,105,10.895560332454384,11.204982167082477
2014-12-22,222.6,224.06,218.26,1.51,220.0,219.29,4806917,20141222,0,106,10.652914602337509,10.818912012290868
2014-12-23,220.97,224.315,219.52,-0.73,223.81,222.6,4513321,20141223,1,107,10.384918668892867,10.405061154270095
2014-12-24,222.26,222.5,219.25,0.58,219.77,220.97,1333518,20141224,2,108,10.049922541802731,9.901128214679376
2014-12-26,227.82,228.5,221.5,2.5,221.51,222.26,3327016,20141226,4,109,9.929926230288313,9.731761913630848
2014-12-29,225.71,227.91,224.02,-0.93,226.9,227.82,2811828,20141229,0,110,9.726120219322203,9.440207491228644
2014-12-30,222.23,225.65,221.4,-1.54,223.99,225.71,2903242,20141230,1,111,9.568685923164002,9.224478384712313
2014-12-31,222.41,225.68,222.25,0.08,223.09,222.23,2402097,20141231,2,112,9.27779611729905,8.812729928661437
2015-01-02,219.31,223.25,213.26,-1.39,222.87,222.41,4764443,20150102,4,113,9.311710587903857,8.89682064804276
2015-01-05,210.09,216.5,207.16,-4.2,214.55,219.31,5368477,20150105,0,114,9.59448627419415,9.350619173182565
2015-01-06,211.28,214.2,204.21,0.57,210.06,210.09,6261936,20150106,1,115,9.856653594470618,9.761289232240953
2015-01-07,210.95,214.78,209.78,-0.16,213.35,211.28,2968390,20150107,2,116,9.625384375686307,9.421197144223742
2015-01-08,210.615,213.8,210.01,-0.16,212.81,210.95,3442509,20150108,3,117,9.347508929225055,9.018968776779193
2015-01-09,206.66,209.98,204.96,-1.88,208.92,210.615,4668295,20150109,4,118,9.187627551642908,8.802613864152105
2015-01-12,202.21,204.47,199.25,-2.15,203.05,206.66,5950280,20150112,0,119,9.291311953945627,8.985641445284099
2015-01-13,204.25,207.61,200.91,1.01,203.32,202.21,4477320,20150113,1,120,9.167916146614884,8.822381342049521
2015-01-14,192.69,195.2,185.0,-5.66,185.83,204.25,11551860,20150114,2,121,9.550872520585603,9.421496960474556
2015-01-15,191.87,195.75,190.0,-0.43,194.49,192.69,5216524,20150115,3,122,9.774640495795813,9.766390034726372
2015-01-16,193.07,194.49,189.65,0.63,190.7,191.87,3603158,20150116,4,123,9.539657615043627,9.414505032245918
2015-01-20,191.93,194.12,187.04,-0.59,193.87,193.07,4503182,20150120,1,124,9.422531061946314,9.247754672799783
2015-01-21,196.57,198.68,189.51,2.42,189.55,191.93,4153043,20150121,2,125,9.410505773282203,9.242200767599801
2015-01-22,201.62,203.24,195.2,2.57,197.0,196.57,4116904,20150122,3,126,9.500957879316383,9.389900712771242
2015-01-23,201.29,203.5,198.33,-0.16,200.29,201.62,3442371,20150123,4,127,9.378531313634651,9.214193519001867
2015-01-26,206.55,208.62,201.05,2.61,201.83,201.29,3234522,20150126,0,128,9.292410774890145,9.096751124787447
2015-01-27,205.98,208.03,203.3,-0.28,204.42,206.55,2781024,20150127,1,129,9.17086740465728,8.928411758731203
2015-01-28,199.37,206.368,198.42,-3.21,206.11,205.98,3149606,20150128,2,130,9.121302290149792,8.871382347393261
2015-01-29,205.2,205.98,196.5,2.92,201.07,199.37,3548106,20150129,3,131,9.138383133475992,8.914855036865172
2015-01-30,203.6,207.47,203.0,-0.78,203.96,205.2,3006959,20150130,4,132,9.088936317596184,8.856651105660516
2015-02-02,210.94,211.95,203.3,3.61,203.97,203.6,4149186,20150202,0,133,9.06803458818684,8.841890312399046
2015-02-03,218.36,220.37,211.27,3.52,213.22,210.94,4826244,20150203,1,134,9.434794845892227,9.408183861513406
2015-02-04,218.55,221.479,216.8,0.09,218.29,218.36,3305377,20150204,2,135,9.487376043706883,9.488956442833876
2015-02-05,220.99,225.48,219.638,1.12,219.88,218.55,3522947,20150205,3,136,9.374643851149413,9.31974526834574
2015-02-06,217.36,223.4,216.5,-1.64,222.0,220.99,3243931,20150206,4,137,9.256803667761346,9.14690632060676
2015-02-09,217.48,217.93,211.99,0.06,215.38,217.36,3472423,20150209,0,138,9.244574921677472,9.136413011991992
2015-02-10,216.29,220.5,215.0,-0.55,217.55,217.48,5390542,20150210,1,139,9.06626183016902,8.876669225421137
2015-02-11,212.8,214.74,207.28,-1.61,212.21,216.29,9769102,20150211,2,140,9.120249362065733,8.97119285217677
2015-02-12,202.88,203.088,193.28,-4.66,193.57,212.8,15649610,20150212,3,141,9.781666059110224,9.973964791306996
2015-02-13,203.77,205.99,200.91,0.44,202.9,202.88,6191003,20150213,4,142,9.882062913438308,10.110824449070783
2015-02-17,204.35,205.7,201.5,0.28,205.7,203.77,3979647,20150217,1,143,9.611488488988863,9.688622702708583
2015-02-18,204.46,206.17,202.6,0.05,204.17,204.35,2713598,20150218,2,144,9.323798560941773,9.251578223943683
2015-02-19,211.705,212.44,203.75,3.54,205.0,204.46,5154148,20150219,3,145,9.293617677087402,9.211465493661994
2015-02-20,217.11,217.6,209.81,2.55,210.78,211.705,5982089,20150220,4,146,9.47677874008324,9.492075101257566
2015-02-23,207.335,218.2,206.33,-4.5,215.66,217.11,8499775,20150223,0,147,9.590741657222132,9.661926879739168
2015-02-24,204.11,207.29,201.7,-1.56,207.29,207.335,6603560,20150224,1,148,9.867849197354412,10.072503531186372
2015-02-25,203.76,207.14,202.58,-0.17,204.94,204.11,3909520,20150225,2,149,9.624380187956584,9.692681850387343
2015-02-26,207.19,211.09,202.22,1.68,204.0,203.76,6472855,20150226,3,150,9.588457321863412,9.633918861073962
2015-02-27,203.34,208.55,202.8,-1.86,206.9,207.19,3882084,20150227,4,151,9.405673639869917,9.356496085282966
2015-03-02,197.325,203.34,195.825,-2.96,202.7,203.34,7922065,20150302,0,152,9.498974895114207,9.499960650619897
2015-03-03,199.56,200.24,195.32,1.13,196.81,197.325,4432329,20150303,1,153,9.428547519156387,9.394249175575618
2015-03-04,202.435,202.52,197.21,1.44,199.25,199.56,4221962,20150304,2,154,9.232426208720373,9.102517091605934
2015-03-05,200.63,206.19,200.15,-0.89,202.85,202.435,4877015,20150305,3,155,9.108501151162258,8.925908727919795
2015-03-06,193.88,200.75,192.15,-3.36,199.21,200.63,6712388,20150306,4,156,9.164524905868817,9.022986675925523
2015-03-09,190.88,194.49,188.25,-1.55,194.39,193.88,6736724,20150309,0,157,9.31764276749411,9.262773341930844
2015-03-10,190.32,193.5,187.6,-0.29,188.46,190.88,5579691,20150310,1,158,9.172993111899151,9.049718103221498
2015-03-11,193.74,196.18,191.01,1.8,191.15,190.32,4974871,20150311,2,159,8.988564868475382,8.781881095848535
2015-03-12,191.07,194.45,189.75,-1.38,193.75,193.74,4149294,20150312,3,160,8.784347493786077,8.490318160430782
2015-03-13,188.68,191.75,187.32,-1.25,188.95,191.07,5434298,20150313,4,161,8.671759517891504,8.342438291828584
2015-03-16,195.7,195.91,189.8,3.72,192.0,188.68,5628783,20150316,0,162,8.549770969420479,8.182978413840827
2015-03-17,194.73,198.71,193.94,-0.5,195.43,195.7,4894052,20150317,1,163,8.620258066114742,8.314908527137911
2015-03-18,200.71,200.88,193.11,3.07,194.96,194.73,4820936,20150318,2,164,8.579769586775942,8.275986489485202
2015-03-19,195.65,204.59,194.53,-2.52,202.0,200.71,8475244,20150319,3,165,8.650256749310424,8.403416025950545
2015-03-20,198.08,198.99,195.62,1.24,197.45,195.65,4269467,20150320,4,166,8.480720713628974,8.166743452668364
2015-03-23,199.63,200.5,197.47,0.78,198.5,198.08,2631626,20150323,0,167,8.307829251075214,7.929833206049193
2015-03-24,201.72,203.79,199.75,1.05,201.58,199.63,3649860,20150324,1,168,8.184123096262107,7.771273691331393
2015-03-25,194.3,198.59,192.7,-3.68,198.27,201.72,5730389,20150325,2,169,8.124402948821054,7.711182713379152
2015-03-26,190.405,194.79,189.7,-2.0,193.92,194.3,4127956,20150326,3,170,8.309907570305768,8.018955376709213
2015-03-27,185.0,189.29,181.4,-2.84,189.07,190.405,8604947,20150327,4,171,8.528483400291206,8.367601421229983
2015-03-30,190.57,192.25,181.8,3.01,185.85,185.0,10089520,20150330,0,172,8.619984190753527,8.516344176856412
2015-03-31,188.77,193.76,188.41,-0.94,193.53,190.57,5026569,20150331,1,173,8.626651610241456,8.533748164223809
2015-04-01,187.59,192.3,186.05,-0.63,188.7,188.77,3794621,20150401,2,174,8.51347772403948,8.370623295350681
2015-04-02,191.0,193.23,190.0,1.82,190.23,187.59,5010368,20150402,3,175,8.320454975275695,8.091293059968487
2015-04-06,203.1,207.75,197.5,6.34,198.0,191.0,12455810,20150406,0,176,8.8842428335959,8.953343555685024
2015-04-07,203.25,205.06,201.14,0.07,202.51,203.1,4347864,20150407,1,177,9.130707460567523,9.31810473027895
2015-04-08,207.67,210.9,205.87,2.17,208.2,203.25,6303117,20150408,2,178,9.067340438635737,9.20966867811617
2015-04-09,210.09,210.37,206.12,1.17,208.43,207.67,3800225,20150409,3,179,8.974609941557846,9.060406629679301
2015-04-10,210.9,211.65,209.0,0.39,209.85,210.09,4067676,20150410,4,180,8.736771372912235,8.697520441845066
2015-04-13,209.78,213.0,209.05,-0.53,210.435,210.9,3758230,20150413,0,181,8.508829878964033,8.358411838856131
2015-04-14,207.46,209.49,205.5,-1.11,208.57,209.78,3025963,20150414,1,182,8.360790360918129,8.147096707509265
2015-04-15,207.83,209.59,206.6,0.18,207.07,207.46,1952378,20150415,2,183,8.114086058017264,7.792304085544318
2015-04-16,206.7,209.17,206.29,-0.54,207.61,207.83,1659059,20150416,3,184,7.864843864778347,7.441425222291152
2015-04-17,206.79,206.88,203.5,0.04,204.99,206.7,2469926,20150417,4,185,7.696517966455568,7.219180563556072
2015-04-20,205.27,207.85,203.85,-0.74,206.78,206.79,2559251,20150420,0,186,7.520493301386256,6.989239094730638
2015-04-21,209.41,210.75,204.31,2.02,205.75,205.27,3432541,20150421,1,187,7.469041239415482,6.950007730821307
2015-04-22,219.44,221.88,211.69,4.79,212.5,209.41,7863037,20150422,2,188,7.904324989919506,7.640007178619782
2015-04-23,218.6,221.48,217.15,-0.38,218.17,219.44,4411184,20150423,3,189,8.102690466590005,7.956435237289797
2015-04-24,218.425,220.8,218.01,-0.08,220.5,218.6,2427843,20150424,4,190,7.849705206276196,7.587404148911957
2015-04-27,231.55,238.75,222.0,6.01,222.63,218.425,11672627,20150427,0,191,8.435433529786854,8.484732423989675
2015-04-28,230.48,235.5,228.03,-0.46,234.75,231.55,6085379,20150428,1,192,8.846841456939861,9.098322965133267
2015-04-29,232.45,234.97,227.63,0.85,230.05,230.48,3936077,20150429,2,193,8.775087101847488,8.97272846762375
2015-04-30,226.05,232.89,225.17,-2.75,230.35,232.45,3911857,20150430,3,194,8.724844858902369,8.883247862793482
2015-05-01,226.03,231.77,220.405,-0.01,229.74,226.05,5281689,20150501,4,195,8.882947484668922,9.109087301165378
2015-05-04,230.51,234.73,227.11,1.98,228.18,226.03,4434596,20150504,0,196,8.873283318732307,9.078438208224993
2015-05-05,232.95,239.5,229.13,1.06,237.76,230.51,5796873,20150505,1,197,9.092174589268863,9.392121193351779
2015-05-06,230.43,234.47,228.2,-1.08,234.07,232.95,5270933,20150506,2,198,8.957785323113203,9.169112536683793
2015-05-07,236.8,237.48,220.25,2.76,221.0,230.43,9455909,20150507,3,199,9.351700307726858,9.744890212634953
2015-05-08,236.61,238.41,233.7,-0.08,235.96,236.8,4668236,20150508,4,200,9.28638124545415,9.618826626018167
2015-05-11,239.49,242.88,235.31,1.22,236.29,236.61,5672262,20150511,0,201,9.204648805194427,9.47248186701687
2015-05-12,244.74,246.35,238.19,2.19,240.1,239.49,6363429,20150512,1,202,9.230141719232787,9.491590305087092
2015-05-13,243.18,248.3,242.25,-0.64,247.61,244.74,5440165,20150513,2,203,9.210134970697894,9.442905283295158
2015-05-14,244.1,244.89,241.25,0.38,244.82,243.18,2895936,20150514,3,204,8.944890448283706,9.028412048774074
2015-05-15,248.84,249.4,242.5,1.94,243.93,244.1,4527563,20150515,4,205,8.84751471265115,8.876382616718784
2015-05-18,248.75,249.9,246.0,-0.04,246.86,248.84,3353212,20150518,0,206,8.702394964429669,8.65664100123887
2015-05-19,247.14,251.0,246.15,-0.65,248.34,248.75,3674231,20150519,1,207,8.51894758517111,8.384738072578951
2015-05-20,244.35,247.74,241.37,-1.13,247.12,247.14,3755569,20150520,2,208,8.464711985877248,8.312971067394741
2015-05-21,245.62,246.62,242.357,0.52,243.17,244.35,1970643,20150521,3,209,8.28939236750214,8.060830276866543
2015-05-22,247.73,248.6,245.01,0.86,245.38,245.62,2223089,20150522,4,210,8.097040350002038,7.788628114233218
2015-05-26,247.455,252.0,246.5,-0.11,247.68,247.73,3498682,20150526,1,211,8.015276523811464,7.688011820359416
2015-05-27,247.43,249.5,245.55,-0.01,248.51,247.455,3408200,20150527,2,212,7.821691927439491,7.421010976048028
2015-05-28,251.45,251.8,245.05,1.62,247.0,247.43,3647283,20150528,3,213,7.7706589785138,7.373081620616027
2015-05-29,250.8,252.868,249.43,-0.26,250.85,251.45,3789283,20150529,4,214,7.659579979536951,7.234861504857738
2015-06-01,249.45,251.6,247.47,-0.54,251.26,250.8,2505057,20150601,0,215,7.491504742416144,7.0130856830821875
2015-06-02,248.35,249.4,246.3,-0.44,248.79,249.45,2134809,20150602,1,216,7.349052135634422,6.83357956286203
2015-06-03,248.99,250.72,247.01,0.26,248.0,248.35,1781505,20150603,2,217,7.175763938699451,6.610466736943313
2015-06-04,245.92,249.3,245.71,-1.23,247.5,248.99,2453615,20150604,3,218,7.0050132749518585,6.394719112875935
2015-06-05,249.14,249.7,245.68,1.31,246.16,245.92,3022026,20150605,4,219,6.862869785668435,6.22509631909908
2015-06-08,256.29,258.75,250.31,2.87,250.77,249.14,5016997,20150608,0,220,7.147018843493749,6.696875153449148
2015-06-09,256.0,257.74,254.14,-0.11,255.5,256.29,2611146,20150609,1,221,7.216208422375,6.832812642488498
2015-06-10,250.7,254.0,248.5,-2.07,251.9,256.0,3454453,20150610,2,222,7.2435318308333345,6.901183168025034
2015-06-11,251.41,254.37,250.43,0.28,253.25,250.7,2044058,20150611,3,223,7.163839838888889,6.806098656023246
2015-06-12,250.69,253.46,250.21,-0.29,250.21,251.41,1422335,20150612,4,224,6.977466513227514,6.552091609164441
2015-06-15,250.38,251.28,246.01,-0.12,249.68,250.69,2186175,20150615,0,225,6.902349060216682,6.469799351366983
2015-06-16,253.12,253.44,249.095,1.09,250.13,250.38,1984678,20150616,1,226,6.780570533539696,6.318027969126483
2015-06-17,260.41,264.36,252.02,2.88,252.17,253.12,5512920,20150617,2,227,7.123400508133043,6.86531168561745
2015-06-18,261.89,263.46,260.02,0.57,261.83,260.41,2782703,20150618,3,228,7.276571912507659,7.1135037080733445
2015-06-19,262.51,263.8,260.1,0.24,262.21,261.89,2463013,20150619,4,229,7.106258964293009,6.869682014639534
2015-06-22,259.79,264.4,255.69,-1.04,262.15,262.51,4561079,20150622,0,230,7.182627585040961,7.001133299308138
2015-06-23,267.67,268.0,258.57,3.03,260.31,259.79,3870818,20150623,1,231,7.289645319086629,7.1746237779289865
2015-06-24,265.17,267.35,263.72,-0.93,267.0,267.67,2412293,20150624,2,232,7.3025193515110765,7.202150650934057
2015-06-25,268.79,271.41,265.25,1.37,266.49,265.17,2849204,20150625,3,233,7.248113668105787,7.127711318724486
2015-06-26,267.09,269.11,266.0,-0.63,269.11,268.79,3838434,20150626,4,234,7.090584445815035,6.900017653101307
2015-06-29,262.02,265.95,260.7,-1.9,261.95,267.09,3478909,20150629,0,235,7.138175662680987,6.9850163921655035
2015-06-30,268.26,270.92,264.0,2.38,264.8,262.02,3086935,20150630,1,236,7.127786345410465,6.980372364153683
2015-07-01,269.15,272.62,267.85,0.33,271.15,268.26,2101224,20150701,2,237,7.293129852771872,7.2389171952855635
2015-07-02,280.02,282.45,273.31,4.04,280.195,269.15,7163930,20150702,3,238,7.6215522407351175,7.735423109908023
2015-07-06,279.72,281.69,276.3,-0.11,278.88,280.02,4121933,20150706,0,239,7.85576403879535,8.078607173486024
2015-07-07,267.88,275.2,260.77,-4.23,275.0,279.72,6105126,20150707,1,240,8.398346703614619,8.876563803951306
2015-07-08,254.96,260.8,254.31,-4.82,259.32,267.88,6221077,20150708,2,241,9.208425432013923,10.0575235322405
2015-07-09,257.92,262.95,256.79,1.16,259.08,254.96,3334077,20150709,3,242,9.298024220965642,10.131271851366176
2015-07-10,259.15,263.0,257.82,0.48,262.22,257.92,2610858,20150710,4,243,9.238118305681565,9.981895290554306
2015-07-14,265.65,265.99,260.51,1.33,262.1,262.16,1907641,20150714,1,244,9.182493624458633,9.845331341229
2015-07-15,263.14,267.49,262.08,-0.94,266.74,265.65,2021621,20150715,2,245,9.002851070912985,9.528521959712645
2015-07-16,266.68,267.2,263.16,1.35,264.22,263.14,1615961,20150716,3,246,8.766524829440938,9.136484676876025
2015-07-17,274.66,275.54,268.25,2.99,272.5,266.68,5004099,20150717,4,247,8.939547456610418,9.369592914242023
2015-07-20,282.26,286.65,272.54,2.77,275.0,274.66,4978454,20150720,0,248,9.464807101533733,10.126764848939017
2015-07-21,266.77,273.5,266.55,-5.49,270.05,282.26,6108686,20150721,1,249,9.400292477651172,9.982710216871947
2015-07-22,267.87,269.44,260.86,0.41,261.27,266.77,3104960,20150722,2,250,9.971707121572543,10.798230915666807
2015-07-23,267.2,269.9,265.27,-0.25,269.65,267.87,2227239,20150723,3,251,9.717340115783376,10.357642993119175
2015-07-24,265.41,271.09,263.92,-0.67,267.38,267.2,2836498,20150724,4,252,9.596038205507977,10.129954207896377
2015-07-27,253.01,264.43,250.79,-4.67,262.43,265.41,4694192,20150727,0,253,9.92051257667426,10.57852890733235
2015-07-28,264.82,265.4,251.83700000000002,4.67,255.75,253.01,3895808,20150728,1,254,10.094440549213584,10.792419699665757
2015-07-29,263.82,267.89,262.0,-0.38,264.27,264.82,2790095,20150729,2,255,10.322324332584364,11.0843897211182
2015-07-30,266.79,266.94,262.11,1.13,262.69,263.82,2034560,20150730,3,256,10.060785078651776,10.637647598181186
2015-07-31,266.15,269.36,265.12,-0.24,267.6,266.79,2222552,20150731,4,257,9.845509598715976,10.273529912596816
2015-08-03,259.99,266.71,257.07,-2.31,266.29,266.15,2553474,20150803,0,258,9.839532951158077,10.233992061697046
2015-08-04,266.28,266.72,258.34,2.42,260.01,259.99,2352530,20150804,1,259,9.770031382055313,10.101564057290119
2015-08-05,270.13,271.0,260.4,1.45,263.58,266.28,6214319,20150805,2,260,9.829077506719344,10.166452338912253
2015-08-06,246.13,255.0,236.12,-8.88,249.54,270.13,14623754,20150806,3,261,10.797216673066039,11.594562886132806
2015-08-07,242.51,243.73,238.39,-1.47,243.58,246.13,5073390,20150807,4,262,11.794492069586706,13.033522679980464
2015-08-10,241.14,242.97,236.05,-0.56,238.15,242.51,4185860,20150810,0,263,11.712849590082573,12.822556774267573
2015-08-11,237.37,239.3,234.44,-1.56,237.15,241.14,4264939,20150811,1,264,11.539380561983409,12.483088433248458
2015-08-12,238.17,239.77,232.74,0.34,235.0,237.37,3739157,20150812,2,265,11.389886249508006,12.191439259444994
2015-08-13,242.51,246.48,239.12,1.82,239.86,238.17,4689182,20150813,3,266,11.281320237626671,11.971336455198927
2015-08-14,243.15,247.93,241.77,0.26,247.24,242.51,4364810,20150814,4,267,11.208876416787307,11.813383851256145
2015-08-17,254.99,256.59,250.51,4.87,255.56,243.15,7176690,20150817,0,268,11.345596587416484,11.975285004737847
2015-08-18,260.72,260.95,253.56,2.25,255.38,254.99,4195035,20150818,1,269,11.652949130872841,12.391336075827999
2015-08-19,255.25,260.65,255.02,-2.1,260.33,260.72,3604282,20150819,2,270,11.367570600831275,11.910526356125994
2015-08-20,242.18,254.56,241.9,-5.12,252.06,255.25,4905757,20150820,3,271,11.722448191267883,12.404060187831284
2015-08-21,230.77,243.8,230.51,-4.71,236.0,242.18,6590234,20150821,4,272,12.342331610731316,13.285198745843337
2015-08-24,218.87,231.4,195.0,-5.16,202.79,230.77,9581585,20150824,0,273,14.001268200696492,15.706255978283098
2015-08-25,220.03,230.9,219.12,0.53,230.52,218.87,4327294,20150825,1,274,13.895493524472851,15.425809122691447
2015-08-26,224.84,228.0,215.51,2.19,227.93,220.03,4963042,20150826,2,275,13.828565261402714,15.21610847107063
2015-08-27,242.99,244.75,230.81,8.07,231.0,224.84,7655959,20150827,3,276,14.347205010859726,15.894957865994156
2015-08-28,248.48,251.45,241.57,2.26,241.86,242.99,5513673,20150828,4,277,14.931147629390216,16.660318018423144
2015-08-31,249.06,254.95,245.51,0.23,245.62,248.48,4700232,20150831,0,278,14.789664408943064,16.324581017107207
2015-09-01,238.63,246.0,236.97,-4.19,240.34,249.06,5454765,20150901,1,279,14.633489913279107,15.980682373028117
2015-09-02,247.69,247.88,239.78,3.8,245.3,238.63,4629174,20150902,2,280,14.378561822170575,15.502062203526108
2015-09-03,245.57,252.08,245.0,-0.86,252.06,247.69,4194772,20150903,3,281,14.33434459254341,15.355486331845677
2015-09-04,241.93,244.09,238.2,-1.48,240.89,245.57,3689153,20150904,4,282,14.103661516708007,14.936523022428124
2015-09-08,248.17,249.16,244.05,2.58,245.05,241.93,3138231,20150908,1,283,13.675391920674295,14.234628520826115
2015-09-09,248.91,254.25,248.3,0.3,252.05,248.17,3390788,20150909,2,284,13.61084944826123,14.097869340767105
2015-09-10,248.48,250.72,245.33,-0.17,247.23,248.91,2709024,20150910,3,285,13.219380426915462,13.475878673569456
2015-09-11,250.24,250.24,244.73,0.71,247.64,248.48,2350844,20150911,4,286,12.85226707325282,12.906887339743069
2015-09-14,253.19,254.25,249.67,1.18,251.1,250.24,2890851,20150914,0,287,12.515016260240786,12.397109672618566
2015-09-15,253.57,254.6,249.5,0.15,252.75,253.19,2933466,20150915,1,288,12.161920247848366,11.875887553145812
2015-09-16,262.25,262.88,252.88,3.42,253.04,253.57,4417081,20150916,2,289,12.058971664617493,11.741895585063968
2015-09-17,262.07,265.5,260.69,-0.07,263.96,262.25,3585812,20150917,3,290,12.052830156778564,11.755331614702255
2015-09-18,260.62,263.82,257.5,-0.55,257.96,262.07,3763064,20150918,4,291,11.779838244551012,11.367093642223525
2015-09-21,264.2,271.57,255.8,1.37,263.98,260.62,6120155,20150921,0,292,11.96984594719144,11.681586953493268
2015-09-22,260.94,262.65,255.87,-1.23,259.03,264.2,3664353,20150922,1,293,11.722710425896606,11.33147359967232
2015-09-23,261.06,262.08,257.58,0.05,261.95,260.94,2600778,20150923,2,294,11.479724215139624,10.994939771124296
2015-09-24,263.12,263.45,256.21,0.79,259.53,261.06,3448191,20150924,3,295,11.277832585847266,10.726729787472562
2015-09-25,256.91,266.91,256.15,-2.36,266.61,263.12,3773392,20150925,4,296,11.253173891283113,10.729106231224526
2015-09-28,248.43,259.79,246.61,-3.3,257.35,256.91,4901057,20150928,0,297,11.503498944079151,11.142027214708488
2015-09-29,246.65,254.73,245.46,-0.72,250.46,248.43,3703154,20150929,1,298,11.50095137531348,11.16402527080074
2015-09-30,248.4,252.4,242.34,0.71,252.0,246.65,4929582,20150930,2,299,11.432334643155697,11.0851663228864
2015-10-01,239.88,248.5,237.13,-3.43,247.51,248.4,4572964,20151001,3,300,11.429366326814947,11.105511585537373
2015-10-02,247.57,247.7,234.93,3.21,235.6,239.88,4423982,20151002,4,301,11.526539358871382,11.274403615141845
2015-10-05,246.15,249.84,244.13,-0.57,248.84,247.57,3689865,20151005,0,302,11.451942246544172,11.180517642631717
2015-10-06,241.46,243.03,235.58,-1.91,240.0,246.15,5235897,20151006,1,303,11.477564044327783,11.238337811015162
2015-10-07,231.96,237.7,229.12,-3.93,236.63,241.46,6813959,20151007,2,304,11.741965756502648,11.652027967371223
2015-10-08,226.72,230.72,221.31,-2.26,230.08,231.96,6133216,20151008,3,305,12.14234833952633,12.259025969701849
2015-10-09,220.69,224.37,218.36,-2.66,220.93,226.72,6158370,20151009,4,306,12.21176032335841,12.354809829008857
2015-10-12,215.58,223.0,215.27,-2.32,222.99,220.69,3836303,20151012,0,307,12.175486022246107,12.290180555508226
2015-10-13,219.25,222.52,211.13,1.7,213.28,215.58,5171535,20151013,1,308,12.138081925948672,12.225881944400495
2015-10-14,216.88,220.95,215.43,-1.08,220.67,219.25,3104446,20151014,2,309,11.82293516757016,11.746890376943314
2015-10-15,221.31,221.73,213.7,2.04,216.43,216.88,2844233,20151015,3,310,11.642319207209678,11.48139820716165
2015-10-16,227.01,230.48,222.87,2.58,223.04,221.31,4334493,20151016,4,311,11.735542102104453,11.632726906650104
2015-10-19,228.1,231.15,224.94,0.48,226.5,227.01,2507895,20151019,0,312,11.645278192480431,11.504674984746526
2015-10-20,213.03,228.6,202.0,-6.61,227.72,228.1,14900047,20151020,1,313,12.357407802362314,12.58291248583606
2015-10-21,210.09,214.81,208.8,-1.38,211.99,213.03,4183471,20151021,2,314,12.688007430821251,13.062704451133484
2015-10-22,211.72,215.75,209.4,0.78,211.56,210.09,2825159,20151022,3,315,12.386197553163095,12.583225561766806
2015-10-23,209.09,215.35,207.69,-1.24,215.0,211.72,4235462,20151023,4,316,12.161140526821995,12.231566593069177
2015-10-26,215.26,215.88,210.0,2.95,211.38,209.09,3391438,20151026,0,317,11.862038596973331,11.777883264992807
2015-10-27,210.35,217.1,207.51,-2.28,214.84,215.26,3519449,20151027,1,318,11.75384628283174,11.621605888921893
2015-10-28,212.96,213.45,208.3,1.24,211.31,210.35,2728593,20151028,2,319,11.525567888411182,11.288634039713186
2015-10-29,211.63,213.748,210.64,-0.62,211.75,212.96,1805032,20151029,3,320,11.138540846105888,10.725017322590816
2015-10-30,206.93,211.63,203.89,-2.22,210.4,211.63,4438901,20151030,4,321,11.040038901053226,10.606801799548618
2015-11-02,213.79,215.8,207.22,3.32,208.92,206.93,3927944,20151102,0,322,10.92289419147926,10.462030242438004
2015-11-03,208.35,214.44,207.75,-2.54,213.85,213.79,8332486,20151103,1,323,10.760375420456441,10.251170939406716
2015-11-04,231.63,232.74,225.2,11.17,227.0,208.35,12726366,20151104,2,324,11.150357543291848,10.872515872306238
2015-11-05,231.77,234.58,229.19,0.06,230.58,231.63,4496843,20151105,3,325,11.868435755516044,11.969479024284364
2015-11-06,232.36,233.359,229.5,0.25,230.7,231.77,2445293,20151106,4,326,11.487034052872426,11.39015909397834
2015-11-09,225.33,232.99,224.31,-3.03,232.99,232.36,3850860,20151109,0,327,11.353365764640404,11.196576301551316
2015-11-10,216.5,223.7,216.08,-3.92,223.48,225.33,4617007,20151110,1,328,11.587967394895625,11.55967799429765
2015-11-11,219.08,219.48,213.63,1.19,217.77,216.5,3347806,20151111,2,329,11.593302280852976,11.569700994704961
2015-11-12,212.94,219.0,212.66,-2.8,217.85,219.08,2915900,20151112,3,330,11.343145029383788,11.196150923654606
2015-11-13,207.19,212.99,206.52,-2.7,212.95,212.94,3430327,20151113,4,331,11.401090504175036,11.293568714822138
2015-11-16,214.31,214.98,205.8,3.44,206.09,207.19,2925395,20151116,0,332,11.295324289690509,11.14259952090627
2015-11-17,214.0,216.0,211.4,-0.14,215.2,214.31,2148679,20151117,1,333,11.176975513990962,10.975985269412963
2015-11-18,221.07,221.38,212.52,3.3,214.5,214.0,2811900,20151118,2,334,11.066643346658056,10.824843464454897
2015-11-19,221.8,226.19,220.3,0.33,220.54,221.07,2504375,20151119,3,335,11.12013652062672,10.92235464556526
2015-11-20,220.01,225.0,213.58,-0.81,223.49,221.8,4400722,20151120,4,336,11.134415733930211,10.957900742310596
2015-11-23,217.75,219.18,214.68,-1.03,217.35,220.01,2526199,20151123,0,337,10.943253079933534,10.683764975002699
2015-11-24,218.25,221.0,215.0,0.23,215.37,217.75,2480293,20151124,1,338,10.707860076127176,10.349210333931078
2015-11-25,229.64,230.825,220.375,5.22,221.34,218.25,3990779,20151125,2,339,10.820581024883023,10.543909595793142
2015-11-27,231.61,232.25,227.01,0.86,231.06,229.64,1949353,20151127,4,340,10.971981928460023,10.790773196093634
2015-11-30,230.26,234.28,229.08,-0.58,231.79,231.61,2659813,20151130,0,341,10.697125646152402,10.391432253515516
2015-12-01,237.19,238.0,231.05,3.01,231.06,230.26,3733955,20151201,1,342,10.518691091573716,10.145615663978694
2015-12-02,231.99,238.6,231.23,-2.19,237.0,237.19,2981468,20151202,2,343,10.414943896736874,10.016643116551645
2015-12-03,232.71,237.45,230.0,0.31,235.48,231.99,2939564,20151203,3,344,10.273756092130354,9.833311465369382
2015-12-04,230.38,233.27,227.66,-1.0,232.46,232.71,2573603,20151204,4,345,10.051672468695577,9.531646360700142
2015-12-07,231.13,235.63,226.15,0.33,227.7,230.38,3144223,20151207,0,346,10.024449970186263,9.527957334935843
2015-12-08,226.72,228.8,224.2,-1.91,227.52,231.13,2687636,20151208,1,347,9.841380923986916,9.288817525297572
2015-12-09,224.52,227.5,220.72,-0.97,226.7,226.72,3057753,20151209,2,348,9.868458022844685,9.368901987776317
2015-12-10,227.07,228.49,223.64,1.14,224.71,224.52,2071692,20151210,3,349,9.629483831280652,9.046123274363724
2015-12-11,217.02,225.75,216.64,-4.43,225.24,227.07,3268726,20151211,4,350,9.604746505981574,9.050685897623461
2015-12-14,218.58,220.92,214.87,0.72,217.51,217.02,2831518,20151214,0,351,9.728330005696737,9.275636904936068
2015-12-15,221.09,222.22,218.0,1.15,221.82,218.58,2244424,20151215,1,352,9.5126952435207,8.98451998315492
2015-12-16,234.51,234.88,220.73,6.07,222.1,221.09,5104341,20151216,2,353,9.835900231924477,9.507054270072425
2015-12-17,233.39,237.76,229.815,-0.48,233.94,234.51,3298638,20151217,3,354,10.161333554213787,10.018693250781537
2015-12-18,230.46,235.9,229.29,-1.26,232.89,233.39,3014170,20151218,4,355,9.992222432584557,9.775215161439998
2015-12-21,232.56,235.83,231.08,0.91,231.69,230.46,1953174,20151221,0,356,9.742592792937677,9.416271221337142
2015-12-22,229.95,236.55,229.63,-1.12,234.99,232.56,1961495,20151222,1,357,9.608183612321596,9.237966134098778
2015-12-23,229.7,233.45,228.13,-0.11,232.18,229.95,1554979,20151223,2,358,9.403984392687233,8.95811141023458
2015-12-24,230.57,231.88,228.28,0.38,230.56,229.7,710277,20151224,3,359,9.12760418351165,8.575389166646394
2015-12-28,228.95,231.98,225.54,-0.7,231.49,230.57,1901304,20151228,0,360,8.999623031915855,8.422861369028794
2015-12-29,237.19,237.72,229.547,3.6,230.06,228.95,2406290,20151229,1,361,8.960260030396055,8.405014128383879
2015-12-30,238.09,243.63,235.67,0.38,236.6,237.19,3697921,20151230,2,362,9.232628600377195,8.853227404927889
2015-12-31,240.01,243.45,238.37,0.81,238.51,238.09,2715038,20151231,3,363,9.09107485750209,8.667996876004468
2016-01-04,223.41,231.38,219.0,-6.92,230.72,240.01,6827146,20160104,0,364,9.567214150001991,9.412425670575576
2016-01-05,223.43,226.89,220.0,0.01,226.36,223.41,3186752,20160105,1,365,10.064489666668562,10.169395265534463
2016-01-06,219.04,220.05,215.98,-1.96,220.0,223.43,3779128,20160106,2,366,9.939037777779584,9.973724175139145
2016-01-07,215.65,218.44,213.67,-1.55,214.19,219.04,3554251,20160107,3,367,9.930512169313891,9.958458162629203
2016-01-08,211.0,220.44,210.77,-2.16,217.86,215.65,3628058,20160108,4,368,9.918106827917988,9.937854008155687
2016-01-11,207.85,214.45,203.0,-1.49,214.01,211.0,4091422,20160111,0,369,10.048196978969512,10.131578721858851
2016-01-12,209.97,213.74,205.31,1.02,211.6,207.85,3091917,20160112,1,370,9.971139979970967,10.010037384583224
2016-01-13,200.31,212.65,200.0,-4.6,212.01,209.97,4126416,20160113,2,371,10.098704742829492,10.198606142827279
2016-01-14,206.18,210.0,193.38,2.93,202.21,200.31,6490579,20160114,3,372,10.409242612218565,10.65727713262533
2016-01-15,200.33,202.84,197.56,-2.84,198.91,206.18,154714,20160115,4,373,10.16499296401768,10.273185908866378
2016-01-19,204.72,210.47,200.78,2.19,208.71,200.33,4038676,20160119,1,374,10.142374251445409,10.23152977251878
2016-01-20,198.7,201.28,191.25,-2.94,199.4,204.72,5838608,20160120,2,375,10.137023096614676,10.217134788767439
2016-01-21,199.97,203.23,195.02,0.64,201.55,198.7,3166159,20160121,3,376,10.116212472966355,10.180196589569764
2016-01-22,202.55,205.5,199.03,1.29,204.8,199.97,3124055,20160122,4,377,9.958297593301292,9.938753976029068
2016-01-25,196.38,203.57,195.88,-3.05,200.06,202.55,2698739,20160125,0,378,9.850283422191707,9.778128692026991
2016-01-26,193.56,197.82,188.88,-1.44,196.7,196.38,4964180,20160126,1,379,10.032174687801627,10.056119499739351
2016-01-27,188.07,193.26,185.77,-2.84,192.38,193.56,3617221,20160127,2,380,10.059690178858693,10.095682392615114
2016-01-28,189.7,191.28,182.41,0.87,190.79,188.07,4592754,20160128,3,381,10.111609694151136,10.170990793142606
2016-01-29,191.2,193.74,188.08,0.79,189.95,189.7,2852289,20160129,4,382,9.90010447062013,9.849491450775275
2016-02-01,196.94,199.52,182.75,3.0,188.76,191.2,5297639,20160201,0,383,10.227242352971553,10.343813490005617
2016-02-02,182.57,193.12,182.1,-7.3,192.42,196.94,5773637,20160202,1,384,10.264992717115764,10.392112526433788
2016-02-03,173.48,183.94,170.18,-4.98,183.59,182.57,7931362,20160203,2,385,11.050469254395967,11.561247345974234
2016-02-04,175.33,175.98,166.99,1.07,170.7,173.48,4385366,20160204,3,386,11.266161194662823,11.848301106976074
2016-02-05,162.61,173.0,157.74,-7.25,171.3,175.33,9437591,20160205,4,387,11.479201137774119,12.12627959933492
2016-02-08,147.99,157.15,146.0,-8.99,157.105,162.61,9312988,20160208,0,388,12.329239178832495,13.355116770810998
2016-02-09,148.25,159.79,141.05,0.18,142.32,147.99,8651648,20160209,1,389,12.76879921793571,13.941179858610212
2016-02-10,143.67,154.97,141.74,-3.09,150.5,148.25,10406513,20160210,2,390,12.790761159938775,13.89038129728091
2016-02-11,150.47,163.26,147.0,4.73,152.0,143.67,14252364,20160211,3,391,12.955963009465494,14.059639776046556
2016-02-12,151.04,157.01,143.7,0.38,155.0,150.47,7235783,20160212,4,392,12.974250485205236,14.008236934900374
2016-02-16,155.17,162.95,154.11,2.73,158.7,151.04,5593794,20160216,1,393,12.950714747814507,13.899077153836062
2016-02-17,168.68,169.34,156.68,8.71,159.0,155.17,5825159,20160217,2,394,13.2054426169662,14.213428785704913
2016-02-18,166.77,172.95,164.77,-1.13,172.42,168.68,3887574,20160218,3,395,13.423278682824952,14.468183872440278
2016-02-19,166.58,167.49,162.5,-0.11,163.66,166.77,2955832,20160219,4,396,13.078360650309474,13.876170738694544
2016-02-22,177.74,178.91,169.85,6.7,170.12,166.58,5055340,20160222,0,397,13.033676809818552,13.752158543073506
2016-02-23,177.21,181.73,173.68,-0.3,176.16,177.74,5984374,20160223,1,398,13.134454104589095,13.852004361425395
2016-02-24,179.0,179.5,167.84,1.01,172.75,177.21,5395609,20160224,2,399,13.064242004370566,13.695432621323581
2016-02-25,187.43,188.519,175.2,4.71,178.65,179.0,5750741,20160225,3,400,13.076373337495776,13.668544576943328
2016-02-26,190.34,192.0,185.0,1.55,188.7,187.43,6065117,20160226,4,401,13.072736511900738,13.620791392875947
2016-02-29,191.93,196.35,189.22,0.84,192.4,190.34,4498997,20160229,0,402,12.87498715419118,13.285020579099092
2016-03-01,186.35,195.94799999999998,182.7,-2.91,194.25,191.93,6712159,20160301,1,403,12.892749670658267,13.282376252020589
2016-03-02,188.34,188.52,181.5,1.07,183.73,186.35,4862396,20160302,2,404,12.775475876817396,13.078635091161974
2016-03-03,195.74,197.42,184.22,3.93,188.28,188.34,4829018,20160303,3,405,12.795691311254663,13.087304013221836
2016-03-04,201.04,204.03,197.5,2.71,198.0,195.74,6489058,20160304,4,406,12.93351553452825,13.273210869420273
2016-03-07,205.29,209.7,197.4,2.11,197.68,201.04,5337072,20160307,0,407,12.982395747169766,13.322267235890253
2016-03-08,202.6,207.5,202.2,-1.31,203.5,205.29,4178693,20160308,1,408,12.671805473495011,12.83210529046952
2016-03-09,208.72,209.37,202.79,3.02,204.52,202.6,3208554,20160309,2,409,12.381719498566678,12.385526341150268
2016-03-10,205.18,213.29,200.67,-1.7,210.0,208.72,5192523,20160310,3,410,12.393066189111122,12.402274459639536
2016-03-11,207.5,209.42,205.33,1.13,207.93,205.18,3343077,20160311,4,411,11.997682084867735,11.80854056966528
2016-03-14,215.2,216.63,210.69,3.71,212.85,207.5,4065706,20160314,0,412,11.97160198558832,11.782930528974903
2016-03-15,218.34,218.97,211.5,1.46,214.27,215.2,3180452,20160315,1,413,11.94771617675078,11.760578348333835
2016-03-16,221.93,222.58,217.02,1.64,218.0,218.34,3516703,20160316,2,414,11.730205882619789,11.44767989488142
2016-03-17,226.38,228.5,220.0,2.01,221.47,221.93,3782891,20160317,3,415,11.65543417392361,11.355702759532747
2016-03-18,232.74,234.48,228.06,2.81,229.1,226.38,4711793,20160318,4,416,11.698032546593911,11.44100970528041
2016-03-21,238.32,239.88,235.0,2.4,235.34,232.74,5307822,20160321,0,417,11.783840520565633,11.588080440617519
2016-03-22,234.24,238.99,232.558,-1.71,237.21,238.32,4315988,20160322,1,418,11.52899097196727,11.219788980573414
2016-03-23,222.58,234.73,222.03,-4.98,232.37,234.24,4948841,20160323,2,419,11.755705687587874,11.581946910532455
2016-03-24,227.75,228.888,215.0,2.32,215.78,222.58,4960900,20160324,3,420,12.112100654845595,12.12895070263728
2016-03-28,230.26,234.81,225.0,1.1,231.61,227.75,3925685,20160328,0,421,12.117714909376756,12.13616850959176
2016-03-29,230.13,232.38,225.33,-0.06,229.89,230.26,4014330,20160329,1,422,11.876395151787387,11.772870758906635
2016-03-30,226.89,235.5,226.5,-1.41,235.09,230.13,4032982,20160330,2,423,11.739423954083225,11.574808561841873
2016-03-31,229.77,237.42,225.01,1.27,229.34,226.89,8012872,20160331,3,424,11.77135614674593,11.634465093138884
2016-04-01,237.59,247.9,233.25,3.4,244.825,229.77,15997509,20160401,4,425,12.211291568329461,12.304146157914676
2016-04-04,246.99,252.12,243.64,3.96,249.12,237.59,13475327,20160404,0,426,12.694087207932816,13.021707146635055
2016-04-05,255.47,256.56,240.0,3.43,240.5,246.99,9948699,20160405,1,427,12.992940198031256,13.446585207589695
2016-04-06,265.42,267.74,253.45,3.89,253.97,255.47,11705479,20160406,2,428,13.362323998125005,13.968257692761858
2016-04-07,257.2,269.34,254.51,-3.1,266.45,265.42,8856171,20160407,3,429,13.432213331547622,14.029810714707436
2016-04-08,250.07,260.82,248.02,-2.77,260.5,257.2,7363935,20160408,4,430,13.621155553854875,14.270538520799766
2016-04-11,249.92,258.99,245.3,-0.06,251.0,250.07,9161693,20160411,0,431,13.624433860814168,14.22907148359978
2016-04-12,247.82,251.8,243.63,-0.84,249.5,249.92,5763208,20160412,1,432,13.364698915061114,13.796280663342655
2016-04-13,254.53,255.5,247.33,2.71,248.51,247.82,4925595,20160413,2,433,13.117332300058205,13.394403473103893
2016-04-14,251.86,256.839,251.05,-1.05,253.0,254.53,4132185,20160414,3,434,12.92217361910305,13.081874653596472
2016-04-15,254.51,254.6,249.12,1.05,251.31,251.86,3752366,20160415,4,435,12.567784399145765,12.538883606911009
2016-04-18,253.88,258.31,251.66,-0.25,252.23,254.51,4271362,20160418,0,436,12.285985142043588,12.118249063560224
2016-04-19,247.37,254.37,241.25,-2.56,253.12,253.88,6357526,20160419,1,437,12.332366801946273,12.19980270187735
2016-04-20,249.97,253.66,241.5,1.05,246.26,247.37,5194051,20160420,2,438,12.334635049472642,12.212673937457538
2016-04-21,248.29,250.9,246.91,-0.67,248.99,249.97,2783059,20160421,3,439,11.937271475688231,11.625340084782
2016-04-22,253.75,254.0,245.71,2.2,248.89,248.29,3786327,20160422,4,440,11.763591881607836,11.38710150729757
2016-04-25,251.82,257.38,250.76,-0.76,253.01,253.75,3670348,20160425,0,441,11.636277982483653,11.223022828204886
2016-04-26,253.74,255.73,249.39,0.76,252.05,251.82,3223839,20160426,1,442,11.384074269032052,10.874235483333113
2016-04-27,251.47,255.0,249.4,-0.89,252.75,253.74,3205808,20160427,2,443,11.108642160982908,10.497504377380746
2016-04-28,247.71,253.43,247.44,-1.5,249.85,251.47,2518990,20160428,3,444,10.879659200936104,10.197682636139264
2016-04-29,240.76,248.43,237.81,-2.81,248.14,247.71,5413787,20160429,4,445,11.012056381843907,10.444991019272177
2016-05-02,241.8,243.19,234.82,0.43,241.5,240.76,3843935,20160502,0,446,11.101482268422773,10.61963451789559
2016-05-03,232.32,238.91,231.62,-3.92,237.36,241.8,4302222,20160503,1,447,11.00807835087883,10.513946338045908
2016-05-04,222.56,234.46,220.4,-4.2,230.29,232.32,8700459,20160504,2,448,11.502931762741744,11.291521599614056
2016-05-05,211.53,228.64,209.79,-4.96,228.46,222.56,11254827,20160505,3,449,12.02803025023023,12.09427005678448
2016-05-06,214.93,216.37,208.11,1.61,210.87,211.53,5685237,20160506,4,450,12.143362143076413,12.262536481299875
2016-05-09,208.92,216.15,206.8,-2.8,215.72,214.93,4776383,20160509,0,451,12.010344898168011,12.054498161207025
2016-05-10,208.69,209.47,205.0,-0.11,207.55,208.92,4070617,20160510,1,452,11.911280855398106,11.902748292549381
2016-05-11,208.96,215.48,206.05,0.13,207.59,208.69,5161864,20160511,2,453,11.793124624188671,11.726123414510136
2016-05-12,207.28,211.67,203.657,-0.8,211.44,208.96,3650475,20160512,3,454,11.613118689703493,11.460900313473694
2016-05-13,207.61,211.2,206.7,0.16,207.78,207.28,2822781,20160513,4,455,11.274398752098564,10.963693148225577
2016-05-16,208.29,213.15,207.92,0.33,208.15,207.61,2949396,20160516,0,456,11.017046430570064,10.599857923352321
2016-05-17,204.66,209.82,204.02,-1.74,209.05,208.29,2843597,20160517,1,457,10.768615648161962,10.257010928827151
2016-05-18,211.17,215.31,207.75,3.18,209.15,204.66,5617519,20160518,2,458,10.615824426820918,10.064367291053783
2016-05-19,215.21,216.79,207.3,1.91,213.62,211.17,6866321,20160519,3,459,10.687928025543732,10.21191248454994
2016-05-20,220.28,220.55,216.35,2.36,216.99,215.21,9007076,20160520,4,460,10.62564573861308,10.152490164224949
2016-05-23,216.22,222.6,215.86,-1.84,219.87,220.28,5102479,20160523,0,461,10.471567370107694,9.95516943820888
2016-05-24,217.91,218.74,215.18,0.78,216.6,216.22,3013843,20160524,1,462,10.215778447721613,9.608371621193957
2016-05-25,219.58,221.36,216.51,0.77,217.91,217.91,3132615,20160525,2,463,9.974074712115822,9.289202219680108
2016-05-26,225.12,225.26,219.05,2.52,220.5,219.58,4072424,20160526,3,464,9.84911877344364,9.15068777541724
2016-05-27,223.04,225.93,220.75,-0.92,224.99,225.12,3650272,20160527,4,465,9.682494069946324,8.950638648601723
2016-05-31,223.23,224.75,221.5,0.09,223.04,223.04,2789002,20160531,1,466,9.393803876139357,8.569878745130174
2016-06-01,219.56,222.4,216.89,-1.64,221.48,223.23,2982695,20160601,2,467,9.239337024894628,8.397030263335159
2016-06-02,218.96,219.90900000000002,217.11,-0.27,219.59,219.56,2032832,20160602,3,468,9.090797166566311,8.234385244525503
2016-06-03,218.99,221.94,218.01,0.01,220.0,218.96,2228970,20160603,4,469,8.845044920539342,7.926929155630826
2016-06-06,220.68,220.9,215.45,0.77,218.0,218.99,2249508,20160606,0,470,8.683376114799374,7.750005644514339
2016-06-07,232.34,234.44,221.52,5.28,222.24,220.68,6213573,20160607,1,471,9.005596299808929,8.300005241334743
2016-06-08,235.52,240.845,232.605,1.37,233.8,232.34,5965210,20160608,2,472,9.536996476008502,9.147504866953689
2016-06-09,229.36,235.33,227.06,-2.62,234.98,235.52,4492075,20160609,3,473,9.47666331048429,9.084825947885571
2016-06-10,218.79,227.97,218.42,-4.61,227.39,229.36,6026603,20160610,4,474,9.839679343318373,9.657338380179462
2016-06-13,222.46,225.68,219.4,1.68,220.3,218.79,99338,20160613,0,475,9.84540889839845,9.6789570673095
2016-06-15,217.7,221.9,215.13,-2.14,216.95,222.46,2908522,20160615,2,476,9.698960855617573,9.471174419644537
2016-06-16,217.93,218.04,213.5,0.11,217.42,217.7,2440259,20160616,3,477,9.663772243445306,9.4346619610985
2016-06-17,215.47,219.99,214.5,-1.13,217.81,217.93,3112620,20160617,4,478,9.465021184233628,9.152900392448606
2016-06-20,219.7,223.75,218.23,1.96,219.5,215.47,3555471,20160620,0,479,9.291448746889168,8.914836078702276
2016-06-21,219.61,222.56900000000002,218.81,-0.04,220.68,219.7,4529005,20160621,1,480,9.187046425608733,8.785133501652114
2016-06-22,196.66,205.95,195.75,-10.45,199.47,219.61,23742414,20160622,2,481,9.890044214865457,9.868338251534103
2016-06-23,196.4,197.55,192.13,-0.13,195.69,196.66,10130748,20160623,3,482,10.72766115701472,11.12631409071024
2016-06-24,193.15,195.12,189.73,-1.65,190.05,196.4,7026516,20160624,4,483,10.54682014953783,10.826577369945225
2016-06-27,198.55,198.81,187.87,2.8,190.86,193.15,7220323,20160627,0,484,10.565542999559838,10.834678986377707
2016-06-29,210.19,211.78,203.0,5.86,205.13,198.55,5994908,20160629,2,485,10.94956476148556,11.391487630207873
2016-06-30,212.28,213.5,209.02,0.99,212.97,210.19,4843111,20160630,3,486,11.140061677605292,11.645667085193026
2016-07-01,216.5,218.24,206.0,1.99,206.14,212.28,5399951,20160701,4,487,11.192439692957423,11.688119436250664
2016-07-05,213.98,214.54,208.0,-1.16,209.73,216.5,5175345,20160705,1,488,10.970894945673734,11.320396619375614
2016-07-06,214.44,215.23,209.0,0.22,210.0,213.98,4919855,20160706,2,489,10.805614233974989,11.047511146563073
2016-07-07,215.94,218.12,213.01,0.7,213.1,214.44,3612022,20160707,3,490,10.534394508547608,10.623403207522854
2016-07-08,216.78,219.81,214.5,0.39,217.8,215.94,4074785,20160708,4,491,10.288470960521533,10.248160121271225
2016-07-11,224.78,226.78,219.51,3.69,219.96,216.78,5429823,20160711,0,492,10.314734248115744,10.29043439832328
2016-07-12,224.65,227.5,223.22,-0.06,224.1,224.78,4576165,20160712,1,493,10.33403261725309,10.321117655585905
2016-07-13,222.53,225.59,220.29,-0.94,225.5,224.65,3567062,20160713,2,494,10.094316778336276,9.962466394472626
2016-07-14,221.53,224.94,221.05,-0.45,223.12,222.53,2675834,20160714,3,495,9.798873122225023,9.528718794867439
2016-07-15,220.4,222.75,219.64,-0.51,222.52,221.53,2234247,20160715,4,496,9.480355354500023,9.070238880948336
2016-07-18,226.25,227.09,218.3,2.65,219.64,220.4,3412055,20160718,0,497,9.447481290000024,9.050221818023452
2016-07-19,225.26,229.1,224.75,-0.44,225.0,226.25,3115065,20160719,1,498,9.411886942857166,9.02520597387892
2016-07-20,228.36,229.8,225.0,1.38,226.47,225.26,2568498,20160720,2,499,9.192273278911589,8.723405547173284
2016-07-21,220.5,227.847,219.1,-3.44,226.0,228.36,4428651,20160721,3,500,9.171069789439608,8.725090865232335
2016-07-22,222.27,224.5,218.88,0.8,221.99,220.5,2579692,20160722,4,501,9.185780751847249,8.77901294628717
2016-07-25,230.01,231.39,221.37,3.48,222.27,222.27,4490683,20160725,0,502,9.26693404937833,8.929797735838084
2016-07-26,225.93,228.74,225.63,-1.77,227.34,230.01,41833,20160726,1,503,9.133746713693649,8.754097897563936
